Workbook

Sheet Instrucciones
B2: Community Help API — Plan de Pruebas Swagger
B4: Guía de uso para verificar el funcionamiento completo de la API
B6: OBJETIVO
B7: Verificar que todos los endpoints de la API funcionan correctamente, cubriendo el flujo completo desde el registro de usuarios hasta la generación de proposals, chat y reseñas.
B8: PRERREQUISITOS
B9: 1. La aplicación debe estar arrancada: ./mvnw spring-boot:run
B10: 2. La base de datos PostgreSQL + PostGIS debe estar activa: docker compose up -d db
B11: 3. Swagger UI accesible en: http://localhost:8080/swagger-ui.html
B12: CÓMO USAR ESTE DOCUMENTO
B13: 1. Las pruebas están organizadas por hojas temáticas (Auth, Users, Volunteers, etc.)
B14: 2. Sigue el orden de las hojas — hay dependencias entre ellas (necesitas tokens de pasos anteriores)
B15: 3. Anota los IDs y tokens que obtengas en la hoja 'Variables' — los necesitarás en pruebas posteriores
... B24: Fila de sección / agrupación

Sheet Variables
B2: Variables — Tokens e IDs obtenidos durante las pruebas
B4: Variable | C4: Valor (rellena aquí) | D4: Dónde se obtiene | F4: User | G4: Body / Params
B5: ID_USER_A | C5: 69ad88c5-bd50-46e1-824a-0625dabf99ea | D5: GET /api/v1/auth/register | F5: USER_A | G5: {"email":"ana@test.com","password":"Test1234!"}
B6: ID_USER_B | C6: beeaa200-52c6-44fa-9333-b4f6f375e314 | D6: GET /api/v1/auth/register | F6: USER_B | G6: {"email":"carlos@test.com","password":"Test1234!"}
B7: ID_USER_C | C7: f08371a0-756b-47d7-b714-533edd782035 | D7: GET /api/v1/auth/register | F7: USER_C | G7: {"email":"maria@test.com","password":"Test1234!"}
B8: ID_HELP_REQUEST_1 | C8: c7cf918d-7e04-4104-9790-fa5bb9d3756d | D8: POST /api/v1/help-requests (creada por USER_C)
B9: ID_HELP_REQUEST_2 | C9: d93546a3-fdc1-4f6d-96e2-0772bb61dfd3 | D9: POST /api/v1/help-requests (segunda, para pruebas de cancelación)
B10: ID_DONATION_1 | C10: 4a2c7d53-9a34-4c40-9e8f-c8972db67211 | D10: POST /api/v1/donations (creada por USER_C)
B11: ID_DONATION_2 | C11: 8396e74a-7bc5-4793-b7c4-bd79b3b7932b | D11: POST /api/v1/donations (segunda, para pruebas de ciclo completo)
B12: ID_1_PROPOSAL_HR | C12: 967092f8-fb6a-4db2-af08-d77fa4540610 | D12: GET /api/v1/proposals/volunteer (proposal de help request)
B13: ID_2_PROPOSAL_HR | C13: 5df1bedc-a8b4-4cb2-9a9a-7b3d60252582 | D13: GET /api/v1/proposals/volunteer (proposal de help request)
B14: ID_PROPOSAL_DON | D14: GET /api/v1/proposals/volunteer (proposal de donation)
B15: ID_CONVERSATION_HR | C15: 66cce1b2-c3f3-4c17-a0c2-1ab7c4292c37 | D15: POST /api/v1/conversations (conversación de help request)
B16: ID_CONVERSATION_DON | D16: POST /api/v1/conversations (conversación de donation)
B17: ID_REVIEW_1 | C17: 790140c5-ea51-48cf-a564-aa21257a55c6 | D17: POST /api/v1/reviews (review creada)

Sheet Resumen
B2: Resumen de resultados
B4: Módulo | C4: Total pruebas | D4: ✅ PASS | E4: ❌ FAIL | F4: ⏳ Pendiente | G4: % Completado
B5: Auth | C5: =COUNTIF(Auth!A:A,"A-*") -> 21 | D5: =COUNTIF(Auth!H:H,D4) -> 21 | E5: =COUNTIF(Auth!H:H,E4) -> 0 | F5: =COUNTIF(Auth!H:H,F4) -> 0 | G5: =(D5/C5) * 100 -> 100
B6: Users | C6: =COUNTIF(Users!A:A,"U-*") -> 6 | D6: =COUNTIF(Users!H:H,D4) -> 6 | E6: =COUNTIF(Users!H:H,E4) -> 0 | F6: =COUNTIF(Users!H:H,F4) -> 0 | G6: =(D6/C6) * 100 -> 100
B7: Volunteers | C7: =COUNTIF(Volunteers!A:A,"V-*") -> 8 | D7: =COUNTIF(Volunteers!H:H,D4) -> 8 | E7: =COUNTIF(Volunteers!H:H,E4) -> 0 | F7: =COUNTIF(Volunteers!H:H,F4) -> 0 | G7: =(D7/C7) * 100 -> 100
B8: Help Requests | C8: =COUNTIF('Help Requests'!A:A,"Hr-*") -> 15 | D8: =COUNTIF('Help Requests'!H:H,D4) -> 15 | E8: =COUNTIF('Help Requests'!H:H,E4) -> 0 | F8: =COUNTIF('Help Requests'!H:H,F4) -> 0 | G8: =(D8/C8) * 100 -> 100
B9: Donations | C9: =COUNTIF(Donations!A:A,"D-*") -> 10 | D9: =COUNTIF(Donations!H:H,D4) -> 10 | E9: =COUNTIF(Donations!H:H,E4) -> 0 | F9: =COUNTIF(Donations!H:H,F4) -> 0 | G9: =(D9/C9) * 100 -> 100
B10: Proposals | C10: =COUNTIF(Proposals!A:A,"P-*") -> 9 | D10: =COUNTIF(Proposals!H:H,D4) -> 9 | E10: =COUNTIF(Proposals!H:H,E4) -> 0 | F10: =COUNTIF(Proposals!H:H,F4) -> 0 | G10: =(D10/C10) * 100 -> 100
B11: Chat | C11: =COUNTIF(Chat!A:A,"C-*") -> 9 | D11: =COUNTIF(Chat!H:H,D4) -> 9 | E11: =COUNTIF(Chat!H:H,E4) -> 0 | F11: =COUNTIF(Chat!H:H,F4) -> 0 | G11: =(D11/C11) * 100 -> 100
B12: Reviews | C12: =COUNTIF(Reviews!A:A,"R-*") -> 11 | D12: =COUNTIF(Reviews!H:H,D4) -> 11 | E12: =COUNTIF(Reviews!H:H,E4) -> 0 | F12: =COUNTIF(Reviews!H:H,F4) -> 0 | G12: =(D12/C12) * 100 -> 100
B13: TOTAL | C13: =SUM(C5:C12) -> 89 | D13: =SUM(D5:D12) -> 89 | E13: =SUM(E5:E12) -> 0 | F13: =SUM(F5:F12) -> 0 | G13: =(D13/C13) * 100 -> 100
B15: 💡 Actualiza manualmente las columnas PASS/FAIL/Pendiente conforme vayas ejecutando las pruebas.

Sheet Auth
A1: Pruebas — Auth
A2: # | B2: Nombre de la prueba | C2: Método | D2: Endpoint | E2: Auth (token) | F2: Body / Params | G2: Respuesta esperada | H2: Resultado | I2: Observaciones | J2: Fecha
A3: Registro de usuarios
A4: A-01 | B4: Registrar Usuario A (futuro voluntario) | C4: POST | D4: /api/v1/auth/register | E4: Sin auth | F4: {"name":"Ana García","email":"ana@test.com","password":"Test1234!","latitude":43.5322,"longitude":-5.6611} | G4: 200 OK · token JWT en respuesta | H4: ✅ PASS | I4: Confirmar que el usuario se ha creado
A5: A-02 | B5: Registrar Usuario B (futuro voluntario) | C5: POST | D5: /api/v1/auth/register | E5: Sin auth | F5: {"name":"Carlos López","email":"carlos@test.com","password":"Test1234!","latitude":43.5330,"longitude":-5.6620} | G5: 200 OK · token JWT en respuesta | H5: ✅ PASS | I5: Confirmar que el usuario se ha creado
A6: A-03 | B6: Registrar Usuario C (solicitante/donante) | C6: POST | D6: /api/v1/auth/register | E6: Sin auth | F6: {"name":"María Fernández","email":"maria@test.com","password":"Test1234!","latitude":43.5350,"longitude":-5.6650} | G6: 200 OK · token JWT en respuesta | H6: ✅ PASS | I6: Confirmar que el usuario se ha creado
A7: A-04 | B7: Registrar email duplicado | C7: POST | D7: /api/v1/auth/register | E7: Sin auth | F7: {"name":"Otro","email":"ana@test.com","password":"Test1234!"} | G7: 409 Conflict | H7: ✅ PASS | I7: Debe rechazar email ya registrado
A8: A-05 | B8: Registrar con datos inválidos (email mal formado) | C8: POST | D8: /api/v1/auth/register | E8: Sin auth | F8: {"name":"Test","email":"noesemail","password":"123"} | G8: 400 Bad Request · errores de validación | H8: ✅ PASS | I8: Verificar mensaje de error
A9: Login
A10: A-06 | B10: Login Usuario A | C10: POST | D10: /api/v1/auth/login | E10: Sin auth | F10: {"email":"ana@test.com","password":"Test1234!"} | G10: 200 OK · token JWT | H10: ✅ PASS | I10: Confirmar la creación del token
A11: A-07 | B11: Login Usuario B | C11: POST | D11: /api/v1/auth/login | E11: Sin auth | F11: {"email":"carlos@test.com","password":"Test1234!"} | G11: 200 OK · token JWT | H11: ✅ PASS | I11: Confirmar la creación del token
A12: A-08 | B12: Login Usuario C | C12: POST | D12: /api/v1/auth/login | E12: Sin auth | F12: {"email":"maria@test.com","password":"Test1234!"} | G12: 200 OK · token JWT | H12: ✅ PASS | I12: Confirmar la creación del token
A13: A-09 | B13: Login Admin | C13: POST | D13: /api/v1/auth/login | E13: Sin auth | F13: {"email":"<ADMIN_EMAIL>","password":"<ADMIN_PASSWORD>"} | G13: 200 OK · token JWT con role ADMIN | H13: ✅ PASS | I13: Confirmar la creación del token
A14: A-10 | B14: Login con credenciales incorrectas | C14: POST | D14: /api/v1/auth/login | E14: Sin auth | F14: {"email":"ana@test.com","password":"wrongpassword"} | G14: 401 Unauthorized | H14: ✅ PASS | I14: Verificar mensaje de error
A15: A-11 | B15: Acceder a endpoint protegido sin token | C15: GET | D15: /api/v1/users/me | E15: Sin auth | F15: - | G15: 401 Unauthorized | H15: ✅ PASS | I15: Verificar que el filtro JWT rechaza la petición
A16: Verificación de email
A17: A-12 | B17: Verificar email con OTP válido | C17: POST | D17: /api/v1/auth/verify-email | E17: Sin auth | F17: {"email":"ana@test.com","code":"XXXXXX"} | G17: 200 OK | H17: ✅ PASS | I17: Consultar el OTP real con: SELECT code FROM otp_codes WHERE email='ana@test.com' AND used=false
A18: A-13 | B18: Verificar email con OTP expirado | C18: POST | D18: /api/v1/auth/verify-email | E18: Sin auth | F18: {"email":"ana@test.com","code":"XXXXXX"} | G18: 401 Unauthorized | H18: ✅ PASS | I18: Forzar expiración: UPDATE otp_codes SET expires_at = now() - interval '1 hour'
A19: A-14 | B19: Verificar email con OTP incorrecto | C19: POST | D19: /api/v1/auth/verify-email | E19: Sin auth | F19: {"email":"ana@test.com","code":"000000"} | G19: 401 Unauthorized | H19: ✅ PASS | I19: Código inventado, debe rechazarse
A20: Recuperación de contraseña
A21: A-17 | B21: Solicitar reset (email existe) | C21: POST | D21: /api/v1/auth/forgot-password | E21: Sin auth | F21: {"email":"ana@test.com"} | G21: 200 OK | H21: ✅ PASS | I21: Comprobar que llega email y se crea registro en otp_codes
A22: A-18 | B22: Solicitar reset (email no existe) | C22: POST | D22: /api/v1/auth/forgot-password | E22: Sin auth | F22: {"email":"noexiste@test.com"} | G22: 404 Not Found | H22: ✅ PASS | I22: Debe lanzar EntityNotFoundException
A23: A-19 | B23: Resetear contraseña con OTP válido | C23: POST | D23: /api/v1/auth/reset-password | E23: Sin auth | F23: {"email":"ana@test.com","code":"XXXXXX","newPassword":"NuevoPass1!"} | G23: 200 OK | H23: ✅ PASS | I23: Verificar login posterior con la nueva contraseña (ver A-20)
A24: A-20 | B24: Login con nueva contraseña tras reset | C24: POST | D24: /api/v1/auth/login | E24: Sin auth | F24: {"email":"ana@test.com","password":"NuevoPass1!"} | G24: 200 OK · token JWT | H24: ✅ PASS | I24: Confirmar que el cambio de contraseña fue efectivo
A25: A-21 | B25: Login con contraseña antigua tras reset | C25: POST | D25: /api/v1/auth/login | E25: Sin auth | F25: {"email":"ana@test.com","password":"Test1234!"} | G25: 401 Unauthorized | H25: ✅ PASS | I25: La contraseña antigua ya no debe funcionar
A26: A-22 | B26: Resetear contraseña con OTP incorrecto | C26: POST | D26: /api/v1/auth/reset-password | E26: Sin auth | F26: {"email":"ana@test.com","code":"000000","newPassword":"NuevoPass1!"} | G26: 401 Unauthorized | H26: ✅ PASS | I26: Código inventado
A27: A-23 | B27: Resetear contraseña con nueva contraseña inválida | C27: POST | D27: /api/v1/auth/reset-password | E27: Sin auth | F27: {"email":"ana@test.com","code":"XXXXXX","newPassword":"123"} | G27: 400 Bad Request | H27: ✅ PASS | I27: Menos de 8 caracteres, debe fallar validación

Sheet Users
A1: Pruebas — Users
A2: # | B2: Nombre de la prueba | C2: Método | D2: Endpoint | E2: Auth (token) | F2: Body / Params | G2: Respuesta esperada | H2: Resultado | I2: Observaciones | J2: Fecha
A3: Perfil propio
A4: U-01 | B4: Obtener mi perfil (User A) | C4: GET | D4: /api/v1/users/me | E4: Con Auth | F4: - | G4: 200 OK · datos del usuario A | H4: ✅ PASS | I4: Guardar id en ID_USER_A
A5: U-02 | B5: Obtener mi perfil (User B) | C5: GET | D5: /api/v1/users/me | E5: Con Auth | F5: - | G5: 200 OK · datos del usuario B | H5: ✅ PASS | I5: Guardar id en ID_USER_B
A6: U-03 | B6: Obtener mi perfil (User C) | C6: GET | D6: /api/v1/users/me | E6: Con Auth | F6: - | G6: 200 OK · datos del usuario C | H6: ✅ PASS | I6: Guardar id en ID_USER_C
A7: U-04 | B7: Actualizar nombre y ubicación (User C) | C7: PATCH | D7: /api/v1/users/me | E7: Con Auth | F7: {"name":"María Fernández Rodriguez","latitude":43.5325,"longitude":-5.6615} | G7: 200 OK · nombre actualizado | H7: ✅ PASS | I7: Verificar que rating sigue siendo null o 0 (sin reviews aún)
A8: Admin — listado y eliminación
A9: U-05 | B9: Conseguir todos los usuarios (Admin) | C9: GET | D9: /api/v1/users | E9: Con Auth | F9: - | G9: 200 OK · lista con al menos 4 usuarios | H9: ✅ PASS | I9: Verificar que aparecen los 3 usuarios creados y el admin
A10: U-06 | B10: Conseguir usuarios sin permisos de admin | C10: GET | D10: /api/v1/users | E10: Con Auth | F10: - | G10: 403 Forbidden | H10: ✅ PASS | I10: Access Denied

Sheet Volunteers
A1: Pruebas — Volunteers
A2: # | B2: Nombre de la prueba | C2: Método | D2: Endpoint | E2: Auth (token) | F2: Body / Params | G2: Respuesta esperada | H2: Resultado | I2: Observaciones | J2: Fecha
A3: Registro como voluntario
A4: V-01 | B4: Registrar User A como voluntario | C4: POST | D4: /api/v1/volunteers/me | E4: Con Auth | F4: {"available":true,"radiusKm":10.0,"skills":["DRIVING","SHOPPING","COMPANIONSHIP"]} | G4: 201 Created · perfil de voluntario | H4: ✅ PASS | I4: Mismo ID que ID_USER_A
A5: V-02 | B5: Registrar User B como voluntario | C5: POST | D5: /api/v1/volunteers/me | E5: Con Auth | F5: {"available":true,"radiusKm":5.0,"skills":["SHOPPING","PHYSICAL_LABOR"]} | G5: 201 Created · perfil de voluntario | H5: ✅ PASS | I5: Mismo ID que ID_USER_B
A6: V-03 | B6: Registrar como voluntario dos veces (mismo usuario) | C6: POST | D6: /api/v1/volunteers/me | E6: Con Auth | F6: {"available":true,"radiusKm":10.0,"skills":[]} | G6: 409 Conflict | H6: ✅ PASS | I6: User is already a volunteer
A7: Consulta y actualización
A8: V-04 | B8: Obtener mi perfil de voluntario (User A) | C8: GET | D8: /api/v1/volunteers/me | E8: Con Auth | F8: - | G8: 200 OK · available=true | H8: ✅ PASS | I8: Verificar skills registradas
A9: V-05 | B9: Actualizar disponibilidad a false (User A) | C9: PATCH | D9: /api/v1/volunteers/me | E9: Con Auth | F9: {"available":false} | G9: 200 OK · available=false | H9: ✅ PASS | I9: Las Proposals con status CANCELLED
A10: V-06 | B10: Restaurar disponibilidad a true (User A) | C10: PATCH | D10: /api/v1/volunteers/me | E10: Con Auth | F10: {"available":true} | G10: 200 OK · available=true | H10: ✅ PASS | I10: Las Proposals con status CANCELLED volvieron a PENDING
A11: V-07 | B11: Actualizar radio y skills (User B) | C11: PATCH | D11: /api/v1/volunteers/me | E11: Con Auth | F11: {"radiusKm":15.0,"skills":["SHOPPING","DRIVING","COMPANIONSHIP"]} | G11: 200 OK · radiusKm=15.0 | H11: ✅ PASS | I11: Verificar actualizaciones registradas
A12: V-08 | B12: Obtener perfil sin ser voluntario (User C) | C12: GET | D12: /api/v1/volunteers/me | E12: Con Auth | F12: - | G12: 404 Not Found | H12: ✅ PASS | I12: Resource not found

Sheet Help Requests
A1: Pruebas — Help Requests
A2: # | B2: Nombre de la prueba | C2: Método | D2: Endpoint | E2: Auth (token) | F2: Body / Params | G2: Respuesta esperada | H2: Resultado | I2: Observaciones | J2: Fecha
A3: Creación
A4: HR-01 | B4: Crear Help Request 1 (User C) | C4: POST | D4: /api/v1/help-requests | E4: Con Auth | F4: {"type":"SHOPPING","title":"Compra en supermercado","description":"Necesito que alguien me haga la compra","deadline":"2026-12-31T18:00:00","latitude":43.5350,"longitude":-5.6650} | G4: 201 Created · status=OPEN · matching disparado automáticamente | H4: ✅ PASS | I4: Guardar id en ID_HELP_REQUEST_1. Revisar logs para ver el matching
A5: HR-02 | B5: Crear Help Request 2 (User C, para cancelar) | C5: POST | D5: /api/v1/help-requests | E5: Con Auth | F5: {"type":"TRANSPORT","title":"Llevarme al médico","description":"Necesito transporte al hospital","latitude":43.5350,"longitude":-5.6650} | G5: 201 Created · status=OPEN | H5: ✅ PASS | I5: Guardar id en ID_HELP_REQUEST_2
A6: HR-03 | B6: Crear Help Request con datos inválidos | C6: POST | D6: /api/v1/help-requests | E6: Con Auth | F6: {"title":""} | G6: 400 Bad Request · errores de validación | H6: ✅ PASS | I6: Validation failed. Verificar que devuelve los campos con error
A7: Consulta
A8: HR-04 | B8: Obtener Help Requests abiertas (marketplace) | C8: GET | D8: /api/v1/help-requests | E8: Con Auth | F8: - | G8: 200 OK · lista con las help requests abiertas | H8: ✅ PASS | I8: Cualquier usuario puede ver todas las Help Requests con status Open
A9: HR-05 | B9: Obtener mis Help Requests (User C) | C9: GET | D9: /api/v1/help-requests/me | E9: Con Auth | F9: - | G9: 200 OK · lista con 2 help requests | H9: ✅ PASS | I9: Verificar que devuelve las Help Requests creadas
A10: HR-06 | B10: Obtener Help Request por ID | C10: GET | D10: /api/v1/help-requests/me/{ID_HELP_REQUEST_1} | E10: Con Auth | F10: =Variables!C8 -> c7cf918d-7e04-4104-9790-fa5bb9d3756d | G10: 200 OK · status=OPEN | H10: ✅ PASS | I10: Visualizar a Help Request del User C
A11: HR-07 | B11: Solicitudes asignadas a mí como voluntario (User A) | C11: GET | D11: /api/v1/help-requests/assigned/me | E11: Con Auth | F11: - | G11: 200 OK · lista vacía (aún no hay asignaciones) | H11: ✅ PASS | I11: Visualizar las Help Requests (si las hay) del User.
A12: HR-08 | B12: Obtener Help Requests por ID (Admin) | C12: GET | D12: /api/v1/help-requests/admin/{ID_HELP_REQUEST_1} | E12: Con Auth | F12: =Variables!C8 -> c7cf918d-7e04-4104-9790-fa5bb9d3756d | G12: 200 OK | H12: ✅ PASS | I12: Visualizar la Help Request del User como Admin.
A13: HR-09 | B13: Obtener Help Requests por estado (Admin) | C13: GET | D13: /api/v1/help-requests/admin/by-status | E13: Con Auth | F13: OPEN - ACCEPTED - COMPLETED - EXPIRED - CANCELLED | G13: 200 OK · lista todas las Help Requests | H13: ✅ PASS | I13: Verificar que devuelve las Help Requests existentes como Admin
A14: HR-10 | B14: Obtener Help Request asignadas a un Voluntario (Admin) | C14: GET | D14: /api/v1/help-requests/admin/volunteer/{ID_USER_A} | E14: Con Auth | F14: - | G14: 200 OK · lista vacía (aún no hay asignaciones) | H14: ✅ PASS | I14: Visualizar a Help Request del User A (si las tuviera)
A15: HR-11 | B15: Obtener Help Requests por ID de otro usuario (User A) | C15: GET | D15: /api/v1/help-requests/me/{ID_HELP_REQUEST_1} | E15: Con Auth | F15: =Variables!C8 -> c7cf918d-7e04-4104-9790-fa5bb9d3756d | G15: 403 Forbiden | H15: ✅ PASS | I15: Access Denied
A16: Actualización
A17: HR-12 | B17: Actualizar título (User C, propietario) | C17: PATCH | D17: /api/v1/help-requests/{ID_HELP_REQUEST_1} | E17: Con Auth | F17: =Variables!C8 & ", {""title"":""Compra en supermercado — URGENTE""}" -> c7cf918d-7e04-4104-9790-fa5bb9d3756d, {"title":"Compra en supermercado — URGENTE"} | G17: 200 OK · título actualizado | H17: ✅ PASS | I17: Verificar cambio y que updated_at fue modificado de fecha
A18: HR-13 | B18: Actualizar Help Request de otro usuario (User A) | C18: PATCH | D18: /api/v1/help-requests/{ID_HELP_REQUEST_1} | E18: Con Auth | F18: {"title":"Intento de modificación"} | G18: 403 Forbidden | H18: ✅ PASS | I18: Access Denied
A19: Acciones de negocio
A20: HR-14 | B20: Cancelar Help Request 2 (User C) | C20: POST | D20: /api/v1/help-requests/{ID_HELP_REQUEST_2}/cancel | E20: Con Auth | F20: - | G20: 200 OK · status=CANCELLED · active=false | H20: ✅ PASS | I20: Verificar que las proposals pendientes también se cancelan
A21: HR-15 | B21: Admin — Borrar Help Request | C21: DELETE | D21: /api/v1/help-requests/{ID_HELP_REQUEST_2}/admin | E21: Con Auth | F21: - | G21: 204 No Content | H21: ✅ PASS | I21: No existen ya registros en la BBDD

Sheet Donations
A1: Pruebas — Donations
A2: # | B2: Nombre de la prueba | C2: Método | D2: Endpoint | E2: Auth (token) | F2: Body / Params | G2: Respuesta esperada | H2: Resultado | I2: Observaciones | J2: Fecha
A3: Creación
A4: D-01 | B4: Crear Donation 1 — Alimentos (User C) | C4: POST | D4: /api/v1/donations | E4: Con Auth | F4: {"title":"Caja de conservas","description":"Conservas variadas sin abrir","donationType":"FOOD","foodType":"OTHER","quantity":10,"unit":"UNITS","latitude":43.5350,"longitude":-5.6650,"expiryDate":"2027-03-26T16:07:00.594Z"} | G4: 201 Created · status=AVAILABLE · matching disparado | H4: ✅ PASS | I4: Guardar id en ID_DONATION_1. Revisar logs para ver el matching
A5: D-02 | B5: Crear Donation 2 — Ropa (User C, para ciclo completo) | C5: POST | D5: /api/v1/donations | E5: Con Auth | F5: {"title":"Ropa de invierno","description":"Abrigos y jerséis en buen estado","donationType":"CLOTHING","quantity":5,"unit":"UNITS","latitude":43.5350,"longitude":-5.6650} | G5: 201 Created · status=AVAILABLE | H5: ✅ PASS | I5: Guardar id en ID_DONATION_2
A6: Consulta
A7: D-03 | B7: Obtener mis donaciones (User C) | C7: GET | D7: /api/v1/donations/me | E7: Con Auth | F7: - | G7: 200 OK · 2 donaciones | H7: ✅ PASS | I7: Verificar que devuelve las donaciones creadas
A8: D-04 | B8: Obtener donación por ID | C8: GET | D8: /api/v1/donations/{ID_DONATION_1} | E8: Con Auth | F8: =Variables!C10 -> 4a2c7d53-9a34-4c40-9e8f-c8972db67211 | G8: 200 OK · status=AVAILABLE | H8: ✅ PASS | I8: Verificar la donación
A9: D-05 | B9: Mis donaciones filtradas por estado | C9: GET | D9: /api/v1/donations/me/status/AVAILABLE | E9: Con Auth | F9: - | G9: 200 OK · lista con las donaciones disponibles | H9: ✅ PASS | I9: Verificar que devuelve las donaciones creadas disponibles
A10: Ciclo de vida completo (Donation 2)
A11: D-06 | B11: Reservar Donation 2 (User A como voluntario) | C11: POST | D11: /api/v1/donations/{ID_DONATION_2}/reserve | E11: Con Auth | F11: =Variables!C11 -> 8396e74a-7bc5-4793-b7c4-bd79b3b7932b | G11: 200 OK · status=RESERVED · active=false | H11: ✅ PASS | I11: Verificar que la Donation pasa a estar reservada
A12: D-07 | B12: Confirmar reserva (User C como donante) | C12: POST | D12: /api/v1/donations/{ID_DONATION_2}/confirm | E12: Con Auth | F12: =Variables!C11 -> 8396e74a-7bc5-4793-b7c4-bd79b3b7932b | G12: 200 OK · status=CONFIRMED · active=false | H12: ✅ PASS | I12: Verificar que la Donation pasa a estar confirmada
A13: D-08 | B13: Marcar como recogida (User A) | C13: POST | D13: /api/v1/donations/{ID_DONATION_2}/pickup | E13: Con Auth | F13: =Variables!C11 -> 8396e74a-7bc5-4793-b7c4-bd79b3b7932b | G13: 200 OK · status=PICKED_UP · active=false | H13: ✅ PASS | I13: Verificar que la Donation pasa a estar recogida
A14: D-09 | B14: Completar donación (User A) | C14: POST | D14: /api/v1/donations/{ID_DONATION_2}/complete | E14: Con Auth | F14: =Variables!C11 -> 8396e74a-7bc5-4793-b7c4-bd79b3b7932b | G14: 200 OK · status=COMPLETED · active=false | H14: ✅ PASS | I14: Verificar que la Donation pasa a estar completa
A15: D-10 | B15: Cancelar Donation 1 (User C) | C15: POST | D15: /api/v1/donations/{ID_DONATION_1}/cancel | E15: Con Auth | F15: =Variables!C10 -> 4a2c7d53-9a34-4c40-9e8f-c8972db67211 | G15: 200 OK · status=CANCELLED · active=false | H15: ✅ PASS | I15: Las proposals pendientes también deben cancelarse

Sheet Proposals
A1: Pruebas — Proposals
A2: # | B2: Nombre de la prueba | C2: Método | D2: Endpoint | E2: Auth (token) | F2: Body / Params | G2: Respuesta esperada | H2: Resultado | I2: Observaciones | J2: Fecha
A3: Verificación del matching automático
A4: P-01 | B4: Esperar a que el matching genere proposals (User A) | C4: GET | D4: /api/v1/proposals/volunteer | E4: Con Auth | F4: - | G4: 200 OK · al menos 1 proposal PENDING para User A | H4: ✅ PASS | I4: Guardar id en ID_PROPOSAL_HR_1 de la HR con ID_HELP_REQUEST_1
A5: P-02 | B5: Ver proposals de User B | C5: GET | D5: /api/v1/proposals/volunteer | E5: Con Auth | F5: - | G5: 200 OK · proposals PENDING para User B | H5: ✅ PASS | I5: Guardar id en ID_PROPOSAL_HR_2 de la HR con ID_HELP_REQUEST_1
A6: Respuesta a proposals
A7: P-03 | B7: Rechazar proposal de Help Request (User B) | C7: POST | D7: /api/v1/proposals/{ID_1_PROPOSAL_HR}/reject | E7: Con Auth | F7: =Variables!C12 -> 967092f8-fb6a-4db2-af08-d77fa4540610 | G7: 200 OK · status=REJECTED · respondedAt no nulo | H7: ✅ PASS | I7: Usar el ID de proposal que tenga User B para esa HelpRequest
A8: P-04 | B8: Aceptar proposal de Help Request (User A) | C8: POST | D8: /api/v1/proposals/{ID_2_PROPOSAL_HR}/accept | E8: Con Auth | F8: =Variables!C13 -> 5df1bedc-a8b4-4cb2-9a9a-7b3d60252582 | G8: 200 OK · status=ACCEPTED · HelpRequest pasa a ACCEPTED | H8: ✅ PASS | I8: Las demás proposals pendientes se disparan para cancelarse
A9: P-05 | B9: Intentar aceptar proposal ya procesada (User A) | C9: POST | D9: /api/v1/proposals/{ID_2_PROPOSAL_HR}/accept | E9: Con Auth | F9: =Variables!C13 -> 5df1bedc-a8b4-4cb2-9a9a-7b3d60252582 | G9: 409 Conflict — Proposal already processed | H9: ✅ PASS
A10: P-06 | B10: Intentar aceptar proposal de otro voluntario (User B) | C10: POST | D10: /api/v1/proposals/{ID_2_PROPOSAL_HR}/accept | E10: Con Auth | F10: =Variables!C12 -> 967092f8-fb6a-4db2-af08-d77fa4540610 | G10: 409 Conflict — Proposal already processed | H10: ✅ PASS
A11: Admin
A12: P-07 | B12: Obtener proposal por entidad (Help Request 1) (Admin) | C12: GET | D12: /api/v1/proposals/admin/entity/{ID_HELP_REQUEST_1} | E12: Con Auth | F12: =Variables!C8 -> c7cf918d-7e04-4104-9790-fa5bb9d3756d | G12: 200 OK · proposal con score y status=PENDING | H12: ✅ PASS
A13: P-08 | B13: Listar proposals por estado PENDING (Admin) | C13: GET | D13: /api/v1/proposals/status/PENDING | E13: Con Auth | F13: - | G13: 200 OK · página de proposals PENDING | H13: ✅ PASS
A14: P-09 | B14: Disparar matching manualmente para Help Request (Admin) | C14: POST | D14: /api/v1/proposals/generate/help-request/{ID_HELP_REQUEST_1} | E14: Con Auth | F14: =Variables!C8 -> c7cf918d-7e04-4104-9790-fa5bb9d3756d | G14: 200 OK · matching disparado | H14: ✅ PASS | I14: Útil para forzar regeneración en desarrollo

Sheet Chat
A1: Pruebas — Chat
A2: # | B2: Nombre de la prueba | C2: Método | D2: Endpoint | E2: Auth (token) | F2: Body / Params | G2: Respuesta esperada | H2: Resultado | I2: Observaciones | J2: Fecha
A3: Conversaciones REST
A4: C-01 | B4: Crear/obtener conversación de Help Request (User A) | C4: POST | D4: /api/v1/conversations?relatedEntityId={ID_HELP_REQUEST_1}&type=HELP_REQUEST | E4: Con Auth | F4: =Variables!C8 & ", HELP_REQUEST" -> c7cf918d-7e04-4104-9790-fa5bb9d3756d, HELP_REQUEST | G4: 200 OK · conversación creada o recuperada | H4: ✅ PASS | I4: Guardar id en ID_CONVERSATION_HR
A5: C-02 | B5: Mis conversaciones (User A) | C5: GET | D5: /api/v1/conversations | E5: Con Auth | F5: - | G5: 200 OK · al menos 1 conversación | H5: ✅ PASS | I5: Verificar que existe la conversación ID_HELP_REQUEST_1
A6: C-03 | B6: Enviar mensaje REST (User A) | C6: POST | D6: /api/v1/conversations/{ID_CONVERSATION_HR}/messages | E6: Con Auth | F6: =Variables!C15 & ", {""content"":""Hola, ¿a qué hora te va bien para la compra?""}" -> 66cce1b2-c3f3-4c17-a0c2-1ab7c4292c37, {"content":"Hola, ¿a qué hora te va bien para la compra?"} | G6: 200 OK · mensaje guardado con senderId=USER_A | H6: ✅ PASS | I6: Verificar que senderId=USER_A
A7: C-04 | B7: Enviar mensaje REST (User C, respuesta) | C7: POST | D7: /api/v1/conversations/{ID_CONVERSATION_HR}/messages | E7: Con Auth | F7: =Variables!C15 & ", {""content"":""Perfecto, me viene bien a las 10h""}" -> 66cce1b2-c3f3-4c17-a0c2-1ab7c4292c37, {"content":"Perfecto, me viene bien a las 10h"} | G7: 200 OK · mensaje guardado | H7: ✅ PASS | I7: Verificar que senderId=USER_C
A8: C-05 | B8: Obtener mensajes de la conversación (User A) | C8: GET | D8: /api/v1/conversations/{ID_CONVERSATION_HR}/messages | E8: Con Auth | F8: =Variables!C15 -> 66cce1b2-c3f3-4c17-a0c2-1ab7c4292c37 | G8: 200 OK · 2 mensajes paginados | H8: ✅ PASS | I8: Verificar que aparecen los mensajes escritos
A9: C-06 | B9: Marcar conversación como leída (User A) | C9: PATCH | D9: /api/v1/conversations/{ID_CONVERSATION_HR}/read | E9: Con Auth | F9: =Variables!C15 -> 66cce1b2-c3f3-4c17-a0c2-1ab7c4292c37 | G9: 204 No Content | H9: ✅ PASS | I9: Conversation marked as read
A10: C-07 | B10: Eliminar mensaje (User A, su propio mensaje) | C10: DELETE | D10: /api/v1/conversations/{ID_CONVERSATION_HR}/messages/{messageId} | E10: Con Auth | F10: =Variables!C15 -> 66cce1b2-c3f3-4c17-a0c2-1ab7c4292c37 | G10: 204 No Content | H10: ✅ PASS | I10: Message deleted al usar el ID del primer mensaje enviado
A11: C-08 | B11: Eliminar mensaje de otro usuario (User A) | C11: DELETE | D11: /api/v1/conversations/{ID_CONVERSATION_HR}/messages/{messageId} | E11: Con Auth | F11: =Variables!C15 -> 66cce1b2-c3f3-4c17-a0c2-1ab7c4292c37 | G11: 403 Forbidden | H11: ✅ PASS | I11: ACCESS_DENIED al usar el ID del mensaje enviado por User C
A12: Presencia
A13: C-09 | B13: Ver usuarios online (User A) | C13: GET | D13: /api/v1/presence | E13: Con Auth | F13: - | G13: 200 OK · Set de UUIDs de usuarios con WebSocket activo | H13: ✅ PASS | I13: Vacío es correcto. Se puede comprobar con localhost:8080/chat-test.html, se añade el JWT Token del otro (User C) y se verifica su presencia

Sheet Reviews
A1: Pruebas — Reviews
A2: # | B2: Nombre de la prueba | C2: Método | D2: Endpoint | E2: Auth (token) | F2: Body / Params | G2: Respuesta esperada | H2: Resultado | I2: Observaciones | J2: Fecha
A3: Prerrequisito — Completar Help Request
A4: R-00 | B4: Completar Help Request 1 (User A como voluntario asignado) | C4: POST | D4: /api/v1/help-requests/{ID_HELP_REQUEST_1}/complete | E4: Con Auth | F4: =Variables!C8 -> c7cf918d-7e04-4104-9790-fa5bb9d3756d | G4: 200 OK · status=COMPLETED | H4: ✅ PASS | I4: Necesario antes de poder dejar review. La Donation 2 ya fue completada en D-09
A5: Creación de reseñas
A6: R-01 | B6: User C reseña a User A (por Help Request) | C6: POST | D6: /api/v1/reviews | E6: Con Auth | F6: ="{""targetId"":""" & Variables!C5 & """,""helpRequestId"":""" & Variables!C8 & """,""rating"":5,""comment"":""Excelente voluntario, muy puntual y atento""}" -> {"targetId":"69ad88c5-bd50-46e1-824a-0625dabf99ea","helpRequestId":"c7cf918d-7e04-4104-9790-fa5bb9d3756d","rating":5,"comment":"Excelente voluntario, muy puntual y atento"} | G6: 201 Created · rating recalculado en User A | H6: ✅ PASS | I6: Guardar id en ID_REVIEW_1
A7: R-02 | B7: User A reseña a User C (por Help Request) | C7: POST | D7: /api/v1/reviews | E7: Con Auth | F7: ="{""targetId"":""" & Variables!C7 & """,""helpRequestId"":""" & Variables!C8 & """,""rating"":4,""comment"":""Todo muy claro y organizado""}" -> {"targetId":"f08371a0-756b-47d7-b714-533edd782035","helpRequestId":"c7cf918d-7e04-4104-9790-fa5bb9d3756d","rating":4,"comment":"Todo muy claro y organizado"} | G7: 201 Created | H7: ✅ PASS | I7: Verificar nueva reseña
A8: R-03 | B8: User C reseña a User A (por Donation 2) | C8: POST | D8: /api/v1/reviews | E8: Con Auth | F8: ="{""targetId"":""" & Variables!C5 & """,""donationId"":""" & Variables!C11 & """,""rating"":5,""comment"":""Recogió la donación perfectamente""}" -> {"targetId":"69ad88c5-bd50-46e1-824a-0625dabf99ea","donationId":"8396e74a-7bc5-4793-b7c4-bd79b3b7932b","rating":5,"comment":"Recogió la donación perfectamente"} | G8: 201 Created · rating de User A actualizado (promedio de 2 reviews) | H8: ✅ PASS | I8: Verificar nueva reseña
A9: Validaciones de negocio
A10: R-04 | B10: Reseña duplicada con User C (misma entidad y autor) | C10: POST | D10: /api/v1/reviews | E10: Con Auth | F10: ="{""targetId"":""" & Variables!C5 & """,""helpRequestId"":""" & Variables!C8 & """,""rating"":3,""comment"":""Segunda review""}" -> {"targetId":"69ad88c5-bd50-46e1-824a-0625dabf99ea","helpRequestId":"c7cf918d-7e04-4104-9790-fa5bb9d3756d","rating":3,"comment":"Segunda review"} | G10: 409 Conflict — Ya existe una review de este autor para esta entidad | H10: ✅ PASS | I10: CONFLICT
A11: R-05 | B11: Reseña en entidad no completada con User C | C11: POST | D11: /api/v1/reviews | E11: Con Auth | F11: ="{""targetId"":""" & Variables!C6 & """,""donationId"":""" & Variables!C10 & """,""rating"":3,""comment"":""Test""}" -> {"targetId":"beeaa200-52c6-44fa-9333-b4f6f375e314","donationId":"4a2c7d53-9a34-4c40-9e8f-c8972db67211","rating":3,"comment":"Test"} | G11: 409 Conflict — La entidad no está completada | H11: ✅ PASS | I11: Donation 1 fue cancelada, no completada
A12: R-06 | B12: Reseña sin participar en la entidad con User B | C12: POST | D12: /api/v1/reviews | E12: Con Auth | F12: ="{""targetId"":""" & Variables!C5 & """,""helpRequestId"":""" & Variables!C8 & """,""rating"":4,""comment"":""Test""}" -> {"targetId":"69ad88c5-bd50-46e1-824a-0625dabf99ea","helpRequestId":"c7cf918d-7e04-4104-9790-fa5bb9d3756d","rating":4,"comment":"Test"} | G12: 409 Conflict — El autor no participó en esta entidad | H12: ✅ PASS | I12: User B no participó en HR-1
A13: Consulta y actualización
A14: R-07 | B14: Ver reviews de User A | C14: GET | D14: /api/v1/reviews/users/{ID_USER_A} | E14: Con Auth | F14: =Variables!C5 -> 69ad88c5-bd50-46e1-824a-0625dabf99ea | G14: 200 OK · 2 reviews, rating promedio ~5.0 | H14: ✅ PASS | I14: Verificar que el rating del usuario en /users/me también refleja el promedio
A15: R-08 | B15: Actualizar review (User C) | C15: PATCH | D15: /api/v1/reviews/{ID_REVIEW_1} | E15: Con Auth | F15: {"rating":4,"comment":"Muy buen voluntario, aunque llegó un poco tarde"} | G15: 200 OK · rating actualizado · promedio de User A recalculado | H15: ✅ PASS | I15: Verificar que el rating del usuario en /users/me también refleja el promedio
A16: R-09 | B16: Actualizar review de otro usuario con User A | C16: PATCH | D16: /api/v1/reviews/{ID_REVIEW_1} | E16: Con Auth | F16: {"rating":1,"comment":"Intento de modificación"} | G16: 409 Conflict | H16: ✅ PASS | I16: Solo el autor puede modificar su propia review
A17: R-10 | B17: Eliminar review (User C) | C17: DELETE | D17: /api/v1/reviews/{ID_REVIEW_1} | E17: Con Auth | F17: - | G17: 204 No Content · rating de User A recalculado | H17: ✅ PASS | I17: Verificar que el rating vuelve a ser el promedio sin esta review
